,quality_score,view_certificate_1,view_certificate_2,Cupping Protocol and Descriptors,View Green Analysis Details,Request a Sample,Species,Owner,Country of Origin,Farm Name,Lot Number,Mill,ICO Number,Company,Altitude,Region,Producer,Number of Bags,Bag Weight,In-Country Partner,Harvest Year,Grading Date,Owner.1,Variety,Status,Processing Method,NA,Aroma,Flavor,Aftertaste,Acidity,Body,Balance,NA.1,Uniformity,Clean Cup,Sweetness,Cupper Points,Total Cup Points,NA.2,Moisture,Category One Defects,Quakers,Color,Category Two Defects,NA.3,Expiration,Certification Body,Certification Address,Certification Contact,Unnamed: 51,Notes,Export Date
28,86.67,,,,,,Arabica,Bismarck Castro,Honduras,Los Hicaques,102,CIGRAH S.A. DE C.V.,13-111-053,CIGRAH S.A DE C.V,1400,Comayagua,Reinerio Zepeda,275.0,69,Instituto Hondureño del Café,2016,2017-05-18,Bismarck Castro,Caturra,Completed,,Sample,8.17,8.08,8.08,8.0,8.08,8.0,Sample,10.0,10.0,10.0,8.25,Sample  86.67,,0.1,0,0.0,Green,3,,2018-05-18,Instituto Hondureño del Café,"Laboratorio de Control de Calidad de Café ( CNCC), 33 Calle, 1-2 Avenida, Sector El Cacao. San Pedro Sula, Cortes",Ramon Reyes - + 504 9693-9042,,,2018-03-02
59,85.75,,,,,,Arabica,SEID DAMTEW COFFEE PLANATAION,Ethiopia,seid damtew coffee export and plantation,320,seid damtew coffee export and plantation,490,Seid Damtew Coffee Planation,,addis ababa,seid damtew coffee export and plantation,320.0,19200,METAD Agricultural Development plc,2017,2017-06-23,SEID DAMTEW COFFEE PLANATAION,Caturra,Completed,Natural / Dry,Sample,7.83,8.0,7.83,8.17,7.92,8.0,Sample,10.0,10.0,10.0,8.0,Sample  85.75,,0.09,0,4.0,None,7,,2018-06-23,METAD Agricultural Development plc,"BAWA Center, 3rd Floor (Gerji), Addis Ababa, Ethiopia","Aman Adinew (Emebet Dinku) - +251-116-292534, +251-911-519196",,,2017-08-30
83,85.25,,,,,,Arabica,Juan Luis Alvarado Romero,Guatemala,LA ESPERANZA Y ANEXOS,11/23/0177,BENEFICIO IXCHEL,11/23/0177,"UNEX GUATEMALA, S.A.",,ORIENTE,MARGARITA AVILA DE NUYENS,250.0,69,Asociacion Nacional Del Café,2016,2016-04-27,Juan Luis Alvarado Romero,Bourbon,Completed,,Sample,8.0,7.92,7.75,8.0,7.92,7.83,Sample,10.0,10.0,10.0,7.83,Sample  85.25,,0.1,0,2.0,Green,2,,2017-04-27,Asociacion Nacional Del Café,"5a Calle 0-50, Zona 14 Guatemala City, Guatemala 1014",Juan Luis Alvarado Romero - +502 2311.1951,,,2017-03-01
88,85.08,,,,,,Arabica,SEID DAMTEW COFFEE PLANATAION,Ethiopia,SEID DAMTEW COFFEE PLANATION,,At site and Addis Ababa,495,Seid Damtew Coffee Planation,,"Kefa Zone, Gimbo Distict, at a place called Woka Araba, South West Ethiopia.",SEID DAMTEW COFFEE PLANATION,320.0,19200,METAD Agricultural Development plc,2016,2016-08-09,SEID DAMTEW COFFEE PLANATAION,Other,Completed,Natural / Dry,Sample,7.75,8.0,7.58,8.0,8.0,7.92,Sample,10.0,10.0,10.0,7.83,Sample  85.08,,0.11,0,1.0,Green,8,,2017-08-09,METAD Agricultural Development plc,"BAWA Center, 3rd Floor (Gerji), Addis Ababa, Ethiopia","Aman Adinew (Emebet Dinku) - +251-116-292534, +251-911-519196",,,2017-02-12
97,85,,,,,,Arabica,Racafe & Cia S.C.A,Colombia,,3-37-1829,Bachue,3-37-1829,Racafe & Cia S.C.A,,Huila,La Plata,135.0,70,Almacafé,2016,2017-02-15,Racafe & Cia S.C.A,Caturra,Completed,Washed / Wet,Sample,8.0,7.92,7.75,7.92,7.75,7.83,Sample,10.0,10.0,10.0,7.83,Sample  85.00,,0.0,0,0.0,Green,3,,2018-02-15,Almacafé,"Calle 73 No. 8-13 Piso 2 Torre B Bogota, Colombia",Rodrigo Alarcon - 3136600,,,2017-07-20
106,84.92,,,,,,Arabica,Racafe & Cia S.C.A,Colombia,,3-37-0277,Bachue,3-37-0277,Racafe & Cia S.C.A,,Huila,La Plata,243.0,70,Almacafé,2016,2016-11-25,Racafe & Cia S.C.A,Caturra,Completed,Washed / Wet,Sample,7.92,7.92,7.67,7.83,7.92,7.83,Sample,10.0,10.0,10.0,7.83,Sample  84.92,,0.0,1,6.0,,2,,2017-11-25,Almacafé,"Calle 73 No. 8-13 Piso 2 Torre B Bogota, Colombia",Rodrigo Alarcon - 3136600,,,2017-08-14
125,84.67,,,,,,Arabica,Consejo Salvadoreño del Café,El Salvador,Monterrey,1971-01-01 00:00:00,J.J. Borja Nathan,09-392-69,Cafetalera del Pacifico,1350,Apaneca,J.J. Borja Nathan,150.0,69,Salvadoran Coffee Council,2016,2017-06-26,Consejo Salvadoreño del Café,Bourbon,Completed,Washed / Wet,Sample,7.83,7.83,7.5,8.0,7.83,7.67,Sample,10.0,10.0,10.0,8.0,Sample  84.67,,0.0,0,0.0,Blue-Green,2,,2018-06-26,Salvadoran Coffee Council,"Final 1a. Av. Norte y 13 Calle Pte., dentro de las instalaciones del MAG",Tomas Bonilla - (503) 2505-6600,,,2017-07-09
128,84.67,,,,,,Arabica,Rodrigo Soto,Costa Rica,Rio Jorco,Tarrazu,Rio Jorco,5-423-0128,Panamerican Coffee Trading,1150,Tarrazu,Johanna,15.0,69,Specialty Coffee Association of Costa Rica,2015,2016-10-04,Rodrigo Soto,Catuai,Completed,Washed / Wet,Sample,8.08,7.75,7.67,7.83,7.5,7.92,Sample,10.0,10.0,10.0,7.92,Sample  84.67,,0.1,0,0.0,Blue-Green,2,,2017-10-04,Specialty Coffee Association of Costa Rica,"Blvd Rohrmoser, de Prisma Dental 200 norte y 25 oeste, casa 21",Noelia Villalobos - (506) 2220 0685,,,2017-03-21
145,84.58,,,,,,Arabica,Racafe & Cia S.C.A,Colombia,,3-37-1724,Bucaramanga,3-37-1724,Racafe & Cia S.C.A,1500,Santander,,250.0,70,Almacafé,2016,2017-01-10,Racafe & Cia S.C.A,Other,Completed,Washed / Wet,Sample,7.83,7.67,7.58,7.92,7.67,7.83,Sample,10.0,10.0,10.0,8.08,Sample  84.58,,0.0,0,0.0,Blue-Green,4,,2018-01-10,Almacafé,"Calle 73 No. 8-13 Piso 2 Torre B Bogota, Colombia",Rodrigo Alarcon - 3136600,,,2017-08-24
146,84.58,,,,,,Arabica,Racafe & Cia S.C.A,Colombia,,3-37-1291,Bachue,3-37-1291,Racafe & Cia S.C.A,,Huila,La Plata,125.0,70,Almacafé,2016,2016-12-28,Racafe & Cia S.C.A,Caturra,Completed,Washed / Wet,Sample,7.92,7.83,7.58,8.0,7.83,7.67,Sample,10.0,10.0,10.0,7.75,Sample  84.58,,0.0,0,1.0,Green,5,,2017-12-28,Almacafé,"Calle 73 No. 8-13 Piso 2 Torre B Bogota, Colombia",Rodrigo Alarcon - 3136600,,,2017-05-31
158,84.5,,,,,,Arabica,Max Gurdian,Costa Rica,,S015.367,Beneficio Santo Domingo - Beneficio Dosmil,5-0015-0029,Beneficios Volcafé Costa Rica,1200,Valle Central,Various,275.0,18975,Specialty Coffee Association of Costa Rica,2017 / 2018,2017-11-28,Max Gurdian,Caturra,Completed,Washed / Wet,Sample,7.92,7.67,7.92,7.75,7.67,7.58,Sample,10.0,10.0,10.0,8.0,Sample  84.50,,0.1,0,0.0,Bluish-Green,2,,2018-11-28,Specialty Coffee Association of Costa Rica,"Blvd Rohrmoser, de Prisma Dental 200 norte y 25 oeste, casa 21",Noelia Villalobos - (506) 2220 0685,,,2018-01-20
159,84.5,,,,,,Arabica,ECOM Japan Limited,Uganda,Kawacom Sipi Project,035/170/5071146⁠⁠⁠⁠,Kawacom Uganda Limited,035/170/5071146⁠⁠⁠⁠,Kawacom uganda LTD,1750,Eastern Uganda,Kawacom Uganda Ltd,200.0,12000,Uganda Coffee Development Authority,2016,2017-03-14,ECOM Japan Limited,SL14,Completed,Washed / Wet,Sample,7.92,7.75,7.67,7.75,7.83,7.75,Sample,10.0,10.0,10.0,7.83,Sample  84.50,,0.11,0,0.0,Green,1,,2018-03-14,Uganda Coffee Development Authority,"Coffee House, Plot 35, Jinja Road, P.O. Box 7267, Kampala, Uganda",Clare Rwakatogoro - 256-41-256940/233073,,,2017-08-11
171,84.42,,,,,,Arabica,Max Gurdian,Costa Rica,Several Farmers,5-0015-0231,Beneficio San Diego,5-0015-0231,Beneficios Volcafé Costa Rica,1300,Tarrazu,Beneficio San Diego,275.0,69,Specialty Coffee Association of Costa Rica,2016,2017-03-23,Max Gurdian,Caturra,Completed,Washed / Wet,Sample,7.58,7.83,7.83,8.0,7.67,7.58,Sample,10.0,10.0,10.0,7.92,Sample  84.42,,0.1,0,0.0,Blue-Green,3,,2018-03-23,Specialty Coffee Association of Costa Rica,"Blvd Rohrmoser, de Prisma Dental 200 norte y 25 oeste, casa 21",Noelia Villalobos - (506) 2220 0685,,,2017-06-16
173,84.42,,,,,,Arabica,CARCAFE LTDA CI,Colombia,,3-59-0318,NEIVA,3-59-0318,CARCAFE LTDA,,Pitalito-Huila,FRANKLIN DUSSAN,304.0,35,Almacafé,2015/2016,2016-01-25,CARCAFE LTDA CI,Caturra,Completed,Natural / Dry,Sample,7.92,7.83,7.75,7.67,7.92,7.67,Sample,10.0,10.0,10.0,7.67,Sample  84.42,,0.0,0,0.0,Green,1,,2017-01-24,Almacafé,"Calle 73 No. 8-13 Piso 2 Torre B Bogota, Colombia",Rodrigo Alarcon - 3136600,,,2017-01-04
180,84.33,,,,,,Arabica,Bismarck Castro,Honduras,Las Cuchillas,152,CIGRAH S.A. DE C.V.,13-111-023,CIGRAH S.A DE C.V,1500,Comayagua,Nahun Maldonado,275.0,66,Instituto Hondureño del Café,2016,2017-05-11,Bismarck Castro,Caturra,Completed,,Sample,7.92,8.0,7.75,7.67,7.67,7.75,Sample,10.0,10.0,10.0,7.58,Sample  84.33,,0.1,0,0.0,Green,3,,2018-05-11,Instituto Hondureño del Café,"Laboratorio de Control de Calidad de Café ( CNCC), 33 Calle, 1-2 Avenida, Sector El Cacao. San Pedro Sula, Cortes",Ramon Reyes - + 504 9693-9042,,,2018-03-07
181,84.33,,,,,,Arabica,Raúl Vargas,Colombia,,1,San José / Neiva,03-05-0845,SKN CARIBECAFE LTDA,,Huila,,275.0,70,Almacafé,2016,2017-02-20,Raúl Vargas,Caturra,Completed,Washed / Wet,Sample,7.58,7.75,7.5,7.83,7.67,8.5,Sample,10.0,10.0,10.0,7.5,Sample  84.33,,0.0,0,3.0,Green,5,,2018-02-20,Almacafé,"Calle 73 No. 8-13 Piso 2 Torre B Bogota, Colombia",Rodrigo Alarcon - 3136600,,,2017-05-12
182,84.33,,,,,,Arabica,Bismarck Castro,Honduras,Los Hicaques,76,Dry Mill,13-111-032,CIGRAH S.A DE C.V,1500,Central Region,Reinerio Zepeda,275.0,69,Instituto Hondureño del Café,2016,2016-04-04,Bismarck Castro,Catuai,Completed,Washed / Wet,Sample,7.58,7.92,7.58,7.75,7.92,7.75,Sample,10.0,10.0,10.0,7.83,Sample  84.33,,0.11,0,1.0,Green,2,,2017-04-04,Instituto Hondureño del Café,"Laboratorio de Control de Calidad de Café ( CNCC), 33 Calle, 1-2 Avenida, Sector El Cacao. San Pedro Sula, Cortes",Ramon Reyes - + 504 9693-9042,,,2017-01-26
193,84.25,,,,,,Arabica,CARCAFE LTDA CI,Colombia,,3-59-3461,PASTO,3-59-3461,CARCAFE LTDA CI,2560,NARIÑO,JOSE ALBEIRO GOMEZ,275.0,70,Almacafé,2016,2016-08-05,CARCAFE LTDA CI,Caturra,Completed,Natural / Dry,Sample,7.83,7.58,7.75,7.58,7.67,8.0,Sample,10.0,10.0,10.0,7.83,Sample  84.25,,0.11,0,0.0,Green,2,,2017-08-05,Almacafé,"Calle 73 No. 8-13 Piso 2 Torre B Bogota, Colombia",Rodrigo Alarcon - 3136600,,,2017-05-12
210,84.17,,,,,,Arabica,Juan Luis Alvarado Romero,Guatemala,PIAMONTE,11/23/0365,BENEFICIO IXCHEL,11/23/0365,"UNEX GUATEMALA, S.A.",1700,SAN MARCOS,JORGE LEAL,50.0,69,Asociacion Nacional Del Café,2017,2017-06-01,Juan Luis Alvarado Romero,Bourbon,Completed,Washed / Wet,Sample,7.75,7.83,7.58,7.83,7.67,7.75,Sample,10.0,10.0,10.0,7.75,Sample  84.17,,0.13,0,0.0,Green,1,,2018-06-01,Asociacion Nacional Del Café,"5a Calle 0-50, Zona 14 Guatemala City, Guatemala 1014",Juan Luis Alvarado Romero - +502 2311.1951,,,2017-07-15
214,84.17,,,,,,Arabica,Juan Luis Alvarado Romero,Guatemala,SANTO TOMAS PACHUJ,11/752/01,BENEFICIO PALINSA,11/752/01,CAFCOM,1565,SOLOLA,FERNANDO FAHSEN,377.0,69,Asociacion Nacional Del Café,2016,2016-06-01,Juan Luis Alvarado Romero,Caturra,Completed,Washed / Wet,Sample,7.75,7.92,7.58,7.92,7.67,7.67,Sample,10.0,10.0,10.0,7.67,Sample  84.17,,0.1,0,1.0,Green,10,,2017-06-01,Asociacion Nacional Del Café,"5a Calle 0-50, Zona 14 Guatemala City, Guatemala 1014",Juan Luis Alvarado Romero - +502 2311.1951,,,2017-05-29
232,84.08,,,,,,Arabica,CARCAFE LTDA CI,Colombia,,3-59-0503,NEIVA,3-59-0503,CARCAFE LTDA CI,442,HUILA,FRANKLIN DUSSAN / HIPOLITO TORRES,275.0,70,Almacafé,2017 / 2018,2017-11-09,CARCAFE LTDA CI,Caturra,Completed,Washed / Wet,Sample,7.83,7.5,7.42,7.5,7.83,8.5,Sample,10.0,10.0,10.0,7.5,Sample  84.08,,0.0,1,3.0,Green,3,,2018-11-09,Almacafé,"Calle 73 No. 8-13 Piso 2 Torre B Bogota, Colombia",Rodrigo Alarcon - 3136600,,,2018-08-14
242,84,,,,,,Arabica,Bismarck Castro,Honduras,Las Cuchillas,96,CIGRAH S.A. DE C.V.,13-111-038,CIGRAH S.A DE C.V,1500,Comayagua,Nahun Maldonado,275.0,66,Instituto Hondureño del Café,2017,2017-05-11,Bismarck Castro,Caturra,Completed,Washed / Wet,Sample,7.42,7.83,7.75,7.92,7.75,7.58,Sample,10.0,10.0,10.0,7.75,Sample  84.00,,0.1,0,0.0,Green,5,,2018-05-11,Instituto Hondureño del Café,"Laboratorio de Control de Calidad de Café ( CNCC), 33 Calle, 1-2 Avenida, Sector El Cacao. San Pedro Sula, Cortes",Ramon Reyes - + 504 9693-9042,,,2017-08-26
258,83.92,,,,,,Arabica,Ipanema Coffees,Brazil,Fazenda Capoeirinha,019/17,Dry mill,002/1660/0079,Ipanema Coffees,890,South of Minas Gerais,Ipanema Agricola S.A,320.0,60,Brazil Specialty Coffee Association,2017 / 2018,2017-10-20,Ipanema Coffees,Bourbon,Completed,Natural / Dry,Sample,7.5,7.75,7.58,7.5,7.58,7.5,Sample,10.0,10.0,10.0,8.5,Sample  83.92,,0.0,0,0.0,Green,3,,2018-10-20,Brazil Specialty Coffee Association,"Rua Gaspar Batista Paiva, 416 – Santa Luiza Varginha/MG – Brazil",João Vitor - 55 35 3212-6302 or 3212-4705,,,2018-09-17
259,83.92,,,,,,Arabica,CAFES TOMARI SA DE CV,Mexico,CAFETAL,101,CAFES TOMARI SA DE CV,016-1273-101,CAFES TOMARI SA DE C.V.,1300,VERACRUZ,CAFES TOMARI SA DE CV,200.0,69,Centro Agroecológico del Café A.C.,2017,2017-07-03,CAFES TOMARI SA DE CV,Mundo Novo,Completed,Washed / Wet,Sample,7.83,7.83,7.58,7.92,7.42,7.5,Sample,10.0,10.0,10.0,7.83,Sample  83.92,,0.11,0,0.0,Green,5,,2018-07-03,Centro Agroecológico del Café A.C.,"Instituto de Ecología A. C., Campus III Edificio A Planta Baja Carretera Antigua a Coatepec No. 351 Col. El Haya C.P. 91070 Xalapa, Veracruz, México.",Stephany Escamilla Femat - Tel. +52 228 8421800 Ext. 3092,,,2017-12-27
263,83.92,,,,,,Arabica,CARCAFE LTDA CI,Colombia,,3-59-1772,Neiva,3-59-1772,CARCAFE LTDA CI,442,HUILA,FRANKLIN DUSSAN / HIPOLITO TORRES,250.0,70,Almacafé,2016,2016-02-11,CARCAFE LTDA CI,,Completed,,Sample,7.75,7.67,7.5,7.75,7.83,7.75,Sample,10.0,10.0,10.0,7.67,Sample  83.92,,0.11,1,0.0,Green,2,,2017-02-10,Almacafé,"Calle 73 No. 8-13 Piso 2 Torre B Bogota, Colombia",Rodrigo Alarcon - 3136600,,,2017-02-02
274,83.83,,,,,,Arabica,CARCAFE LTDA CI,Colombia,,3-59-2888,cartago,3-59-2888,CARCAFE LTDA CI,2527,Nariño,Jose Albeiro gomez,275.0,70,Almacafé,2017,2017-06-30,CARCAFE LTDA CI,Caturra,Completed,Washed / Wet,Sample,7.92,7.58,7.5,7.83,7.58,7.67,Sample,10.0,10.0,10.0,7.75,Sample  83.83,,0.0,1,0.0,Green,6,,2018-06-30,Almacafé,"Calle 73 No. 8-13 Piso 2 Torre B Bogota, Colombia",Rodrigo Alarcon - 3136600,,,2017-09-19
275,83.83,,,,,,Arabica,Racafe & Cia S.C.A,Colombia,,3-37-2112,Bachue,3-37-2112,Racafe & Cia S.C.A,,Huila,La Plata,275.0,70,Almacafé,2016,2017-03-14,Racafe & Cia S.C.A,Caturra,Completed,,Sample,7.83,7.67,7.5,7.75,7.75,7.75,Sample,10.0,10.0,10.0,7.58,Sample  83.83,,0.0,1,2.0,Green,0,,2018-03-14,Almacafé,"Calle 73 No. 8-13 Piso 2 Torre B Bogota, Colombia",Rodrigo Alarcon - 3136600,,,2017-06-16
276,83.83,,,,,,Arabica,"CECA, S.A.",Costa Rica,Gamboa,8039,Beneficio Montañas del Diamante,5-025-0249,"CECA,S.A.",1850,Tarrazu,Martin Gutierrez,275.0,69,Specialty Coffee Association of Costa Rica,2015,2016-06-06,"CECA, S.A.",Caturra,Completed,Washed / Wet,Sample,7.67,7.67,7.75,7.67,7.5,7.75,Sample,10.0,10.0,10.0,7.83,Sample  83.83,,0.0,0,0.0,Blue-Green,0,,2017-06-06,Specialty Coffee Association of Costa Rica,"Blvd Rohrmoser, de Prisma Dental 200 norte y 25 oeste, casa 21",Noelia Villalobos - (506) 2220 0685,,,2017-05-07
277,83.83,,,,,,Arabica,Juan Luis Alvarado Romero,Guatemala,FINCA MEDINA,11/11711/60,BENEFICIO SIEMBRAS VISION (154),11/11711/60,"SIEMBRAS VISION, S.A.",1500,ANTIGUA,FINCA MEDINA,100.0,69,Asociacion Nacional Del Café,2016,2016-05-23,Juan Luis Alvarado Romero,Bourbon,Completed,Washed / Wet,Sample,7.75,7.75,7.5,7.75,7.83,7.58,Sample,10.0,10.0,10.0,7.67,Sample  83.83,,0.11,0,7.0,Green,6,,2017-05-23,Asociacion Nacional Del Café,"5a Calle 0-50, Zona 14 Guatemala City, Guatemala 1014",Juan Luis Alvarado Romero - +502 2311.1951,,,2017-01-16
295,83.75,,,,,,Arabica,Kennedy Macharia,Kenya,,sc 9693,SASINI MILLS,37-0985-4132,TAYLOR WINCH (COFFEE) LTD,1800,NYERI COUNTY,KAROGOTO,200.0,60,Kenya Coffee Traders Association,,2018-01-11,Kennedy Macharia,SL28,Completed,Washed / Wet,Sample,7.75,7.58,7.5,7.58,7.75,7.75,Sample,10.0,10.0,10.0,7.83,Sample  83.75,,0.11,0,0.0,Green,2,,2019-01-11,Kenya Coffee Traders Association,"P.O. Box 646 00100Nairobi, Kenya",Ivy Sarah Nderitu - +254 786 821 621,,,2018-11-12
297,83.75,,,,,,Arabica,CARCAFE LTDA CI,Colombia,,3-59-0075,NEIVA,3-59-0075,CARCAFE LTDA CI,442,HUILA,FRANKLIN DUSSAN / HIPOLITO TORRES,275.0,70,Almacafé,2017,2017-09-28,CARCAFE LTDA CI,Caturra,Completed,Washed / Wet,Sample,7.83,7.83,7.58,7.58,7.58,7.58,Sample,10.0,10.0,10.0,7.75,Sample  83.75,,0.11,0,0.0,Green,1,,2018-09-28,Almacafé,"Calle 73 No. 8-13 Piso 2 Torre B Bogota, Colombia",Rodrigo Alarcon - 3136600,,,2018-05-03
299,83.75,,,,,,Arabica,Racafe & Cia S.C.A,Colombia,,3-37-1510,Bachue,3-37-1510,Racafe & Cia S.C.A,,Huila,La Plata,275.0,70,Almacafé,2016,2017-02-15,Racafe & Cia S.C.A,,Completed,Washed / Wet,Sample,7.92,7.75,7.5,7.67,7.75,7.5,Sample,10.0,10.0,10.0,7.67,Sample  83.75,,0.0,1,0.0,Green,4,,2018-02-15,Almacafé,"Calle 73 No. 8-13 Piso 2 Torre B Bogota, Colombia",Rodrigo Alarcon - 3136600,,,2017-11-07
314,83.67,,,,,,Arabica,Ipanema Coffees,Brazil,Fazenda Capoeirinha,020/17,Dry mill,002/1660/0080,Ipanema Coffees,890,South of Minas Gerais,Ipanema Agricola S.A,320.0,60,Brazil Specialty Coffee Association,2017 / 2018,2017-10-20,Ipanema Coffees,Bourbon,Completed,Natural / Dry,Sample,7.67,7.83,7.5,7.67,7.67,7.5,Sample,10.0,10.0,10.0,7.83,Sample  83.67,,0.11,0,0.0,Green,2,,2018-10-20,Brazil Specialty Coffee Association,"Rua Gaspar Batista Paiva, 416 – Santa Luiza Varginha/MG – Brazil",João Vitor - 55 35 3212-6302 or 3212-4705,,,2018-04-14
315,83.67,,,,,,Arabica,Kennedy Macharia,Kenya,,SC 9634,SASINI / KOFINAF MILLS,37-0985-4045,TAYLOR WINCH (COFFEE) LTD,1700,MERU COUNTY,NCHOROIBORO / KIRIANI FACTORY,200.0,60,Kenya Coffee Traders Association,2017,2017-09-01,Kennedy Macharia,SL28,Completed,Washed / Wet,Sample,8.08,7.67,7.67,7.58,7.25,7.67,Sample,10.0,10.0,10.0,7.75,Sample  83.67,,0.11,0,0.0,Bluish-Green,0,,2018-09-01,Kenya Coffee Traders Association,"P.O. Box 646 00100Nairobi, Kenya",Ivy Sarah Nderitu - +254 786 821 621,,,2018-05-29
316,83.67,,,,,,Arabica,Bismarck Castro,Honduras,Los Hicaques,103,CIGRAH S.A. DE C.V.,13 / 111 / 053,CIGRAH S.A DE C.V,1400,Comayagua,Reinerio Zepeda,285.0,69,Instituto Hondureño del Café,2016,2017-05-11,Bismarck Castro,Caturra,Completed,Washed / Wet,Sample,7.5,7.5,7.67,7.67,8.0,8.0,Sample,10.0,10.0,10.0,7.33,Sample  83.67,,0.1,0,0.0,Green,2,,2018-05-11,Instituto Hondureño del Café,"Laboratorio de Control de Calidad de Café ( CNCC), 33 Calle, 1-2 Avenida, Sector El Cacao. San Pedro Sula, Cortes",Ramon Reyes - + 504 9693-9042,,,2018-01-24
317,83.67,,,,,,Arabica,"COMERCIAL INTERNACIONAL EXPORTADORA, S.A.",Nicaragua,SANTA MATILDE,606118 / K1730101,DRY MILL,017/001/1412,"COMERCIAL INTERNACIONAL EXPORTADORA, S.A.",1250,"JINOTEGA, NICARAGUA",RONALDO LACAYO CARDENAL,275.0,69,Instituto Hondureño del Café,2016,2017-05-11,"COMERCIAL INTERNACIONAL EXPORTADORA, S.A.",Caturra,Completed,Washed / Wet,Sample,7.67,7.75,7.67,7.67,7.83,7.58,Sample,10.0,10.0,10.0,7.5,Sample  83.67,,0.1,0,0.0,Green,3,,2018-05-11,Instituto Hondureño del Café,"Laboratorio de Control de Calidad de Café ( CNCC), 33 Calle, 1-2 Avenida, Sector El Cacao. San Pedro Sula, Cortes",Ramon Reyes - + 504 9693-9042,,,2017-11-26
318,83.67,,,,,,Arabica,Ipanema Coffees,Brazil,Capoeirinha Farm,008/16A,Dry mill,002/1660/0106,Ipanema Coffees,934,South of Minas Gerais,Ipanema Agricola,320.0,60,Brazil Specialty Coffee Association,2016,2016-08-16,Ipanema Coffees,Bourbon,Completed,Natural / Dry,Sample,7.58,7.75,7.58,7.75,7.58,7.58,Sample,10.0,10.0,10.0,7.83,Sample  83.67,,0.11,0,2.0,Green,3,,2017-08-16,Brazil Specialty Coffee Association,"Rua Gaspar Batista Paiva, 416 – Santa Luiza Varginha/MG – Brazil",João Vitor - 55 35 3212-6302 or 3212-4705,,,2017-01-27
320,83.67,,,,,,Arabica,"CECA, S.A.",Costa Rica,,8062-1,CAFEX,5-025-0109,"CECA,S.A.",1350,WEST VALLEY,,275.0,69,Specialty Coffee Association of Costa Rica,,2016-03-14,"CECA, S.A.",,Completed,,Sample,7.33,7.67,7.67,7.5,7.67,7.5,Sample,10.0,10.0,10.0,8.33,Sample  83.67,,0.11,0,0.0,Blue-Green,1,,2017-03-14,Specialty Coffee Association of Costa Rica,"Blvd Rohrmoser, de Prisma Dental 200 norte y 25 oeste, casa 21",Noelia Villalobos - (506) 2220 0685,,,2017-01-23
351,83.5,,,,,,Arabica,CARCAFE LTDA CI,Colombia,,3-59-1695,Bogota,3-59-1695,CARCAFE LTDA CI,1799,cundinamarca,Orlando Moreno / Willson Sanchez,50.0,70,Almacafé,2016,2017-02-20,CARCAFE LTDA CI,Caturra,Completed,Washed / Wet,Sample,7.75,7.58,7.58,7.75,7.75,7.5,Sample,10.0,10.0,10.0,7.58,Sample  83.50,,0.0,0,0.0,Bluish-Green,5,,2018-02-20,Almacafé,"Calle 73 No. 8-13 Piso 2 Torre B Bogota, Colombia",Rodrigo Alarcon - 3136600,,,2017-05-20
353,83.5,,,,,,Arabica,"CECA, S.A.",Costa Rica,,8038,Beneficio Montañas del Diamante,5-025-0250,"CECA,S.A.",1850,Tarrazu,Martin Gutierrez,245.0,69,Specialty Coffee Association of Costa Rica,2015,2016-06-06,"CECA, S.A.",Caturra,Completed,Washed / Wet,Sample,7.92,7.42,7.5,7.67,7.5,7.67,Sample,10.0,10.0,10.0,7.83,Sample  83.50,,0.0,0,0.0,Blue-Green,0,,2017-06-06,Specialty Coffee Association of Costa Rica,"Blvd Rohrmoser, de Prisma Dental 200 norte y 25 oeste, casa 21",Noelia Villalobos - (506) 2220 0685,,,2017-03-03
354,83.5,,,,,,Arabica,CARCAFE LTDA CI,Colombia,,3-59-1919,Neiva,3-59-1919,CARCAFE LTDA,1000,PITALITO - HUILA,Mecias Urbano / Yaniver Alvarez,250.0,70,Almacafé,2016,2016-04-07,CARCAFE LTDA CI,Caturra,Completed,Natural / Dry,Sample,7.75,7.58,7.58,7.5,7.75,7.75,Sample,10.0,10.0,10.0,7.58,Sample  83.50,,0.0,0,0.0,Green,0,,2017-04-07,Almacafé,"Calle 73 No. 8-13 Piso 2 Torre B Bogota, Colombia",Rodrigo Alarcon - 3136600,,,2017-01-25
375,83.42,,,,,,Arabica,CARCAFE LTDA CI,Colombia,,3-59-0504,NEIVA,3-59-0504,CARCAFE LTDA CI,439,HUILA,FRANKLIN DUSSAN / HIPOLITO TORRES,300.0,29,Almacafé,2017 / 2018,2017-11-09,CARCAFE LTDA CI,Caturra,Completed,Washed / Wet,Sample,7.5,7.58,7.58,7.5,7.75,7.83,Sample,10.0,10.0,10.0,7.67,Sample  83.42,,0.0,0,2.0,Green,1,,2018-11-09,Almacafé,"Calle 73 No. 8-13 Piso 2 Torre B Bogota, Colombia",Rodrigo Alarcon - 3136600,,,2018-03-29
376,83.42,,,,,,Arabica,Juan Luis Alvarado Romero,Guatemala,PIAMONTE,11/23/0696,BENEFICIO IXCHELL,11/23/0696,"UNEX GUATEMALA, S.A.",1700,SAN MARCOS,JORGE LEAL,50.0,69,Asociacion Nacional Del Café,2017,2017-08-23,Juan Luis Alvarado Romero,Bourbon,Completed,Washed / Wet,Sample,7.67,7.75,7.5,7.58,7.58,7.67,Sample,10.0,10.0,10.0,7.67,Sample  83.42,,0.1,0,0.0,Green,3,,2018-08-23,Asociacion Nacional Del Café,"5a Calle 0-50, Zona 14 Guatemala City, Guatemala 1014",Juan Luis Alvarado Romero - +502 2311.1951,,,2018-05-28
377,83.42,,,,,,Arabica,CARCAFE LTDA CI,Colombia,,3-59-2318,CARTAGO,3-59-2318,CARCAFE LTDA CI,442,HUILA,FRANKLIN DUSSAN / HIPOLOTO TORRES,600.0,29,Almacafé,2016,2017-05-10,CARCAFE LTDA CI,Caturra,Completed,Washed / Wet,Sample,7.67,7.67,7.5,7.67,7.67,7.58,Sample,10.0,10.0,10.0,7.67,Sample  83.42,,0.11,0,0.0,Green,2,,2018-05-10,Almacafé,"Calle 73 No. 8-13 Piso 2 Torre B Bogota, Colombia",Rodrigo Alarcon - 3136600,,,2018-03-28
378,83.42,,,,,,Arabica,"CECA, S.A.",Costa Rica,Gamboa,8885,Beneficio Montañas del Diamante,5-025-0032,"CECA,S.A.",1850,Tarrazu,Martin Gutierrez,275.0,69,Specialty Coffee Association of Costa Rica,2016,2017-02-17,"CECA, S.A.",Caturra,Completed,Washed / Wet,Sample,7.58,7.5,7.42,7.92,7.5,7.67,Sample,10.0,10.0,10.0,7.83,Sample  83.42,,0.09,0,0.0,Blue-Green,4,,2018-02-17,Specialty Coffee Association of Costa Rica,"Blvd Rohrmoser, de Prisma Dental 200 norte y 25 oeste, casa 21",Noelia Villalobos - (506) 2220 0685,,,2017-06-13
380,83.42,,,,,,Arabica,Bugisu Cooperative Union,Uganda,Bulago & Buginyanya,5055,BCU,7697,Bugisu Cooperative Union,1800,Eastern,Bulago & Buginyanya,20.0,1218,Uganda Coffee Development Authority,2015,2016-07-21,Bugisu Cooperative Union,SL14,Completed,Washed / Wet,Sample,7.58,7.75,7.33,7.75,7.67,7.58,Sample,10.0,10.0,10.0,7.75,Sample  83.42,,0.11,0,0.0,Green,1,,2017-07-21,Uganda Coffee Development Authority,"Coffee House, Plot 35, Jinja Road, P.O. Box 7267, Kampala, Uganda",Clare Rwakatogoro - 256-41-256940/233073,,,2017-01-02
396,83.33,,,,,,Arabica,Exportadora de Cafe Condor S.A,Colombia,Various,68-0054,Bonanza-Armenia,68-0054,Exportadora de Cafe Condor S.A,1650,Huila,various,275.0,70,Almacafé,2016,2016-11-08,Exportadora de Cafe Condor S.A,Caturra,Completed,Washed / Wet,Sample,7.75,7.5,7.75,7.58,7.58,7.58,Sample,10.0,10.0,10.0,7.58,Sample  83.33,,0.0,0,1.0,,0,,2017-11-08,Almacafé,"Calle 73 No. 8-13 Piso 2 Torre B Bogota, Colombia",Rodrigo Alarcon - 3136600,,,2017-07-05
397,83.33,,,,,,Arabica,Racafe & Cia S.C.A,Colombia,,3-37-3729,Bachue,3-37-3729,Racafe & Cia S.C.A,,Guayatá,,130.0,70,Almacafé,2016,2016-06-15,Racafe & Cia S.C.A,Caturra,Completed,Washed / Wet,Sample,7.67,7.58,7.58,7.42,7.67,7.75,Sample,10.0,10.0,10.0,7.67,Sample  83.33,,0.0,0,0.0,Blue-Green,0,,2017-06-15,Almacafé,"Calle 73 No. 8-13 Piso 2 Torre B Bogota, Colombia",Rodrigo Alarcon - 3136600,,,2017-03-12
418,83.25,,,,,,Arabica,Rodrigo Soto,Costa Rica,Coopellanobonito,s16292,Coocafe R.L,5-139-0050,Panamerican Coffee Trading,,Tarrazu,Coopellanobonito,275.0,69,Specialty Coffee Association of Costa Rica,2015,2016-09-20,Rodrigo Soto,,Completed,Washed / Wet,Sample,7.83,7.5,7.42,7.67,7.5,7.67,Sample,10.0,10.0,10.0,7.67,Sample  83.25,,0.11,0,0.0,,0,,2017-09-20,Specialty Coffee Association of Costa Rica,"Blvd Rohrmoser, de Prisma Dental 200 norte y 25 oeste, casa 21",Noelia Villalobos - (506) 2220 0685,,,2017-07-25
420,83.25,,,,,,Arabica,Kawacom Uganda LTD,Uganda,Kawacom Uganda LTD Sipi Farmers Group,035/170/5061178,Kawacom Uganda LTD,035/170/5061178,Kawacom Uganda LTD,,"Sipi, Mt. Elgon",Kawacom Uganda LTD,150.0,9000,Uganda Coffee Development Authority,2015,2016-05-19,Kawacom Uganda LTD,SL14,Completed,Washed / Wet,Sample,7.5,7.67,7.67,7.42,7.67,7.67,Sample,10.0,10.0,10.0,7.67,Sample  83.25,,0.12,0,0.0,Green,1,,2017-05-19,Uganda Coffee Development Authority,"Coffee House, Plot 35, Jinja Road, P.O. Box 7267, Kampala, Uganda",Clare Rwakatogoro - 256-41-256940/233073,,,2017-04-04
441,83.17,,,,,,Arabica,Juan Luis Alvarado Romero,Guatemala,BENEFICIO EL TORREON,11/23/0673,BENEFICIO IXCHELL,11/23/0673,"UNEX GUATEMALA, S.A.",1901,ORIENTE,AGROINDUSTRIAS CAFETALERAS,275.0,69,Asociacion Nacional Del Café,2017,2017-08-24,Juan Luis Alvarado Romero,Bourbon,Completed,Washed / Wet,Sample,7.58,7.58,7.33,7.67,7.75,7.58,Sample,10.0,10.0,10.0,7.67,Sample  83.17,,0.1,0,0.0,Green,1,,2018-08-24,Asociacion Nacional Del Café,"5a Calle 0-50, Zona 14 Guatemala City, Guatemala 1014",Juan Luis Alvarado Romero - +502 2311.1951,,,2018-04-06
442,83.17,,,,,,Arabica,Taylor Winch (T) Ltd,"Tanzania, United Republic Of",Mamsera,AA,Rafiki Coffee Limited.,033/0004,VOLCAFE/TaylorWinch Tanzania Ltd,16.8,Moshi,Mamsera,320.0,60,Tanzanian Coffee Board,2016,2017-06-20,Taylor Winch (T) Ltd,Bourbon,Completed,Washed / Wet,Sample,7.67,7.58,7.42,7.67,7.67,7.58,Sample,10.0,10.0,10.0,7.58,Sample  83.17,,0.12,0,0.0,Green,3,,2018-06-20,Tanzanian Coffee Board,P.O.BOX 732,Carl Ulrick - +255 767 26 00 93,,,2017-11-12
443,83.17,,,,,,Arabica,ANDREA BERNAL,Peru,,1,PROCESADORA DEL SUR SA,543,PRODLESUR SA,,,,200.0,13800,Central De Organizaciones Productoras De Café y Cacao Del Perú - Central Café & Cacao,2017,2017-06-16,ANDREA BERNAL,,Completed,,Sample,7.92,7.5,7.5,7.58,7.67,7.5,Sample,10.0,10.0,10.0,7.5,Sample  83.17,,0.11,0,1.0,Green,0,,2018-06-16,Central De Organizaciones Productoras De Café y Cacao Del Perú - Central Café & Cacao,"Calle Enrique Villar Nº 103 - Lima, Peru",Geni Fundes Buleje - 51 1 2655392,,,2017-09-17
445,83.17,,,,,,Arabica,Juan Luis Alvarado Romero,Guatemala,FINCA MEDINA,11/11711/58,BENEFICIO SIEMBRAS VISION (154),11/11711/58,"SIEMBRAS VISION, S.A.",1500,ANTIGUA,FINCA MEDINA,250.0,1500,Asociacion Nacional Del Café,2016,2016-05-23,Juan Luis Alvarado Romero,Caturra,Completed,Washed / Wet,Sample,7.67,7.75,7.42,7.75,7.58,7.5,Sample,10.0,10.0,10.0,7.5,Sample  83.17,,0.11,2,2.0,Green,3,,2017-05-23,Asociacion Nacional Del Café,"5a Calle 0-50, Zona 14 Guatemala City, Guatemala 1014",Juan Luis Alvarado Romero - +502 2311.1951,,,2017-04-15
449,83.17,,,,,,Arabica,Consejo Salvadoreño del Café,El Salvador,Agua Caliente,1,Agua Caliente,9-392-68,Consejo Salvadoreño del Café,1350,Apaneca-Ilamatepec,Ecom Agroindustrial Corp. Ltd.,275.0,69,Salvadoran Coffee Council,2016,2016-03-29,Consejo Salvadoreño del Café,Bourbon,Completed,Washed / Wet,Sample,7.5,7.5,7.33,7.67,8.0,7.67,Sample,10.0,10.0,10.0,7.5,Sample  83.17,,0.0,0,0.0,Green,0,,2017-03-29,Salvadoran Coffee Council,"Final 1a. Av. Norte y 13 Calle Pte., dentro de las instalaciones del MAG",Tomas Bonilla - (503) 2505-6600,,,2017-02-24
478,83.08,,,,,,Arabica,CARCAFE LTDA CI,Colombia,,3-59-1694,Bogota,3-59-1694,CARCAFE LTDA CI,1799,cundinamarca,Orlando Moreno / Willson Sanchez,275.0,70,Almacafé,2016,2017-02-20,CARCAFE LTDA CI,Caturra,Completed,Washed / Wet,Sample,7.58,7.67,7.33,7.67,7.75,7.58,Sample,10.0,10.0,10.0,7.5,Sample  83.08,,0.0,0,1.0,Green,4,,2018-02-20,Almacafé,"Calle 73 No. 8-13 Piso 2 Torre B Bogota, Colombia",Rodrigo Alarcon - 3136600,,,2017-07-04
479,83.08,,,,,,Arabica,Racafe & Cia S.C.A,Colombia,,3-37-0278,BACHUE,3-37-0278,Racafe & Cia S.C.A,,Huila,La Plata,275.0,70,Almacafé,2016,2017-01-10,Racafe & Cia S.C.A,Caturra,Completed,Washed / Wet,Sample,7.75,7.5,7.5,7.42,8.0,7.75,Sample,10.0,10.0,10.0,7.17,Sample  83.08,,0.0,1,2.0,Green,5,,2018-01-10,Almacafé,"Calle 73 No. 8-13 Piso 2 Torre B Bogota, Colombia",Rodrigo Alarcon - 3136600,,,2017-03-29
500,83,,,,,,Arabica,UCFA,Uganda,Ibanda Farmers Group,201502,Ibero,C201502,UCFA,1645,"Kasese, Mt. Rwenzori",Emmanuel Munaaba,325.0,60,Uganda Coffee Development Authority,2015,2016-07-18,UCFA,Bourbon,Completed,Natural / Dry,Sample,7.67,7.67,7.5,7.58,7.42,7.5,Sample,10.0,10.0,10.0,7.67,Sample  83.00,,0.12,0,5.0,Green,8,,2017-07-18,Uganda Coffee Development Authority,"Coffee House, Plot 35, Jinja Road, P.O. Box 7267, Kampala, Uganda",Clare Rwakatogoro - 256-41-256940/233073,,,2017-07-12
534,82.92,,,,,,Arabica,Consejo Salvadoreño del Café,El Salvador,Santa Josefita,1-198,Beneficio Cuzcachapa,09-030-273,Soc. Coop. Cuzcachapa de R.L.,1350,Apaneca-Ilamatepec,"Balcanes Coffee Estates, S.A. de C.V.",100.0,69,Salvadoran Coffee Council,2017,2017-08-28,Consejo Salvadoreño del Café,Bourbon,Completed,Washed / Wet,Sample,7.5,7.5,7.75,7.58,7.92,7.83,Sample,10.0,10.0,9.33,7.5,Sample  82.92,,0.0,0,0.0,Green,1,,2018-08-28,Salvadoran Coffee Council,"Final 1a. Av. Norte y 13 Calle Pte., dentro de las instalaciones del MAG",Tomas Bonilla - (503) 2505-6600,,,2018-06-03
535,82.92,,,,,,Arabica,Racafe & Cia S.C.A,Colombia,,3-37-4468,Bogota,3-37-4468,Racafe & Cia S.C.A,1500,Guayata,,129.0,70,Almacafé,2017,2017-07-07,Racafe & Cia S.C.A,Caturra,Completed,Washed / Wet,Sample,7.58,7.67,7.5,7.33,7.67,7.58,Sample,10.0,10.0,10.0,7.58,Sample  82.92,,0.11,0,0.0,Green,1,,2018-07-07,Almacafé,"Calle 73 No. 8-13 Piso 2 Torre B Bogota, Colombia",Rodrigo Alarcon - 3136600,,,2018-01-04
537,82.92,,,,,,Arabica,CQI Taiwan ICP CQI台灣合作夥伴,Ethiopia,-,none,--,010/0357/0085,Belayneh Kindie,2000,"Blida,kercha,Guji,Oromia",-,250.0,60,Blossom Valley International,2016,2016-02-26,CQI Taiwan ICP CQI台灣合作夥伴,Ethiopian Heirlooms,Completed,Washed / Wet,Sample,7.58,7.58,7.5,7.5,7.58,7.58,Sample,10.0,10.0,10.0,7.58,Sample  82.92,,0.0,1,0.0,Bluish-Green,20,,2017-02-25,Blossom Valley International,No.72 Mo-Fan St. Taiwan Zip: 403,Damon Chen - +886-4-23022323,,,2017-02-08
560,82.83,,,,,,Arabica,Juan Luis Alvarado Romero,Guatemala,PIAMONTE,11/23/0513,BENEFICIO IXCHEL,11/23/0513,"UNEX GUATEMALA, S.A.",1700,SAN MARCOS,JORGE LEAL,50.0,69,Asociacion Nacional Del Café,2017,2017-06-22,Juan Luis Alvarado Romero,Bourbon,Completed,Washed / Wet,Sample,7.5,7.58,7.33,7.67,7.58,7.58,Sample,10.0,10.0,10.0,7.58,Sample  82.83,,0.11,1,1.0,Green,2,,2018-06-22,Asociacion Nacional Del Café,"5a Calle 0-50, Zona 14 Guatemala City, Guatemala 1014",Juan Luis Alvarado Romero - +502 2311.1951,,,2017-09-28
561,82.83,,,,,,Arabica,Ipanema Coffees,Brazil,Capoeirinha,259/15,Dry mill,002/1660/0047,Ipanema Coffees,905,South of Minas Gerais,Ipanema Agricola,320.0,60,Brazil Specialty Coffee Association,2015,2017-02-06,Ipanema Coffees,Yellow Bourbon,Completed,Pulped natural / honey,Sample,7.67,7.58,7.58,7.5,7.5,7.42,Sample,10.0,10.0,10.0,7.58,Sample  82.83,,0.11,0,2.0,Bluish-Green,2,,2018-02-06,Brazil Specialty Coffee Association,"Rua Gaspar Batista Paiva, 416 – Santa Luiza Varginha/MG – Brazil",João Vitor - 55 35 3212-6302 or 3212-4705,,,2017-07-21
562,82.83,,,,,,Arabica,Consejo Salvadoreño del Café,El Salvador,El Barbaro,1,Santa Adelaida,09-0488-1,Consejo Salvadoreño del Café,1250,El Bálsamo - Quezaltepec,"El Barbaro, S.A. de C.V.",275.0,69,Salvadoran Coffee Council,2016,2016-04-08,Consejo Salvadoreño del Café,Pacas,Completed,Washed / Wet,Sample,7.33,7.67,7.67,7.83,7.33,7.67,Sample,10.0,10.0,10.0,7.33,Sample  82.83,,0.0,0,0.0,Green,4,,2017-04-08,Salvadoran Coffee Council,"Final 1a. Av. Norte y 13 Calle Pte., dentro de las instalaciones del MAG",Tomas Bonilla - (503) 2505-6600,,,2017-03-15
578,82.75,,,,,,Arabica,Juan Luis Alvarado Romero,Guatemala,PROVIDENCIA,11-43367-27,BENEFICIO 2000,11-43367-27,INMOBILIARIA E INVERSIONES DOS MIL S.A.,1100,SANTA ROSA,PLANTACIONES AGROPECUARIAS S.A,275.0,69,Asociacion Nacional Del Café,,2018-01-09,Juan Luis Alvarado Romero,Caturra,Completed,Washed / Wet,Sample,7.5,7.58,7.42,7.67,7.58,7.5,Sample,10.0,10.0,10.0,7.5,Sample  82.75,,0.1,0,1.0,Green,3,,2019-01-09,Asociacion Nacional Del Café,"5a Calle 0-50, Zona 14 Guatemala City, Guatemala 1014",Juan Luis Alvarado Romero - +502 2311.1951,,,2018-05-09
579,82.75,,,,,,Arabica,Juan Luis Alvarado Romero,Guatemala,LINDA VISTA,11-973-276,LINDA VISTA,11-973-276,MERCON GUATEMALA S.A.,1800,SANTA ROSA,PABLO ARTURO CHUY FLORES,275.0,69,Asociacion Nacional Del Café,2017,2017-10-17,Juan Luis Alvarado Romero,Caturra,Completed,Washed / Wet,Sample,7.58,7.67,7.5,7.58,7.5,7.42,Sample,10.0,10.0,10.0,7.5,Sample  82.75,,0.11,0,0.0,Green,8,,2018-10-17,Asociacion Nacional Del Café,"5a Calle 0-50, Zona 14 Guatemala City, Guatemala 1014",Juan Luis Alvarado Romero - +502 2311.1951,,,2017-11-13
580,82.75,,,,,,Arabica,Juan Luis Alvarado Romero,Guatemala,LAS MERCEDITAS,11/23/0693,BENEFICIO IXCHELL,11/23/0693,"UNEX GUATEMALA, S.A.",1700,SAN MARCOS,ANGEL DE LEON,50.0,69,Asociacion Nacional Del Café,2017,2017-09-19,Juan Luis Alvarado Romero,Bourbon,Completed,Washed / Wet,Sample,7.5,7.67,7.17,7.67,7.67,7.58,Sample,10.0,10.0,10.0,7.5,Sample  82.75,,0.11,0,0.0,Green,4,,2018-09-19,Asociacion Nacional Del Café,"5a Calle 0-50, Zona 14 Guatemala City, Guatemala 1014",Juan Luis Alvarado Romero - +502 2311.1951,,,2018-05-15
581,82.75,,,,,,Arabica,Juan Luis Alvarado Romero,Guatemala,LAS DELICIAS,11/23/0632,BENEFICIO IXCHELL,11/23/0632,"UNEX GUATEMALA, S.A.",4000,SANTA ROSA,OTTO BECKER,50.0,69,Asociacion Nacional Del Café,2017,2017-09-08,Juan Luis Alvarado Romero,Bourbon,Completed,Washed / Wet,Sample,7.5,7.5,7.42,7.58,7.67,7.5,Sample,10.0,10.0,10.0,7.58,Sample  82.75,,0.1,0,0.0,Green,1,,2018-09-08,Asociacion Nacional Del Café,"5a Calle 0-50, Zona 14 Guatemala City, Guatemala 1014",Juan Luis Alvarado Romero - +502 2311.1951,,,2018-05-23
582,82.75,,,,,,Arabica,Juan Luis Alvarado Romero,Guatemala,LA ESMERALDA,11/23/0690,BENEFICIO IXCHELL,11/23/0690,"UNEX GUATEMALA, S.A.",4000,ORIENTE,JESUS RAMIREZ,25.0,69,Asociacion Nacional Del Café,2017,2017-08-22,Juan Luis Alvarado Romero,Bourbon,Completed,Washed / Wet,Sample,7.42,7.58,7.42,7.67,7.5,7.5,Sample,10.0,10.0,10.0,7.67,Sample  82.75,,0.1,0,0.0,Green,1,,2018-08-22,Asociacion Nacional Del Café,"5a Calle 0-50, Zona 14 Guatemala City, Guatemala 1014",Juan Luis Alvarado Romero - +502 2311.1951,,,2018-08-02
584,82.75,,,,,,Arabica,Juan Luis Alvarado Romero,Guatemala,LA ESMERALDA,11/23/0369,BENEFICIO IXCHEL,11/23/0369,"UNEX GUATEMALA, S.A.",518,EL PROGRESO,JESUS RAMIREZ,25.0,69,Asociacion Nacional Del Café,2017,2017-06-01,Juan Luis Alvarado Romero,Bourbon,Completed,Washed / Wet,Sample,7.58,7.58,7.33,7.58,7.33,7.67,Sample,10.0,10.0,10.0,7.67,Sample  82.75,,0.12,0,0.0,Green,0,,2018-06-01,Asociacion Nacional Del Café,"5a Calle 0-50, Zona 14 Guatemala City, Guatemala 1014",Juan Luis Alvarado Romero - +502 2311.1951,,,2018-02-26
586,82.75,,,,,,Arabica,Consejo Salvadoreño del Café,El Salvador,La Montaña,13,Soc. Coop. de Caf. de Ciudad Barrios de R.L.,09-134-17,Soc. Coop. de Caf. de Ciudad Barrios de R.L.,1250,Cacahuatique,Soc. Coop. de Caf. de Ciudad Barrios de R.L.,275.0,69,Salvadoran Coffee Council,2017,2017-05-08,Consejo Salvadoreño del Café,Bourbon,Completed,Washed / Wet,Sample,7.67,7.67,7.17,7.33,7.58,7.67,Sample,10.0,10.0,10.0,7.67,Sample  82.75,,0.0,0,0.0,,4,,2018-05-08,Salvadoran Coffee Council,"Final 1a. Av. Norte y 13 Calle Pte., dentro de las instalaciones del MAG",Tomas Bonilla - (503) 2505-6600,,,2018-01-22
591,82.75,,,,,,Arabica,Yunnan Coffee Exchange,China,Pu'er Lingdu Yunlin Coffee Co.LTD,YNC-16014,Pu'er Lingdu Yunlin Coffee Co.LTD Mill,5300343627999,Yunnan Coffee Exchange,1500,Menglian,Pu'er Lingdu Yunlin Coffee Co.LTD,3.0,60,Yunnan Coffee Exchange,2015,2016-04-05,Yunnan Coffee Exchange,Catimor,Completed,Washed / Wet,Sample,7.5,7.67,7.42,7.67,7.5,7.5,Sample,10.0,10.0,10.0,7.5,Sample  82.75,,0.11,0,0.0,Green,2,,2017-04-05,Yunnan Coffee Exchange,"Warehouse of YCE, Chuangye Road, Munaihe Industrial Park, Pu'er Yunnan Province 665000",Zooey Li - +8608792891121,,,2017-02-18
655,82.5,,,,,,Arabica,Elsy Reyes,Honduras,Las Cuchillas,165,CIGRAH S.A DE C.V,13-111-097,CIGRAH,1400,Comayagua,Nahun Maldonado,275.0,69,Instituto Hondureño del Café,2017,2017-06-03,Elsy Reyes,Caturra,Completed,Washed / Wet,Sample,7.58,7.58,7.33,7.5,7.5,7.5,Sample,10.0,10.0,10.0,7.5,Sample  82.50,,0.1,0,0.0,Green,4,,2018-06-03,Instituto Hondureño del Café,"Laboratorio de Control de Calidad de Café ( CNCC), 33 Calle, 1-2 Avenida, Sector El Cacao. San Pedro Sula, Cortes",Ramon Reyes - + 504 9693-9042,,,2018-04-06
675,82.42,,,,,,Arabica,Juan Luis Alvarado Romero,Guatemala,PIAMONTE,11/23/0639,BENEFICIO IXCHEL,11/23/0639,"UNEX GUATEMALA, S.A.",1700,SAN MARCOS,JORGE LEAL,50.0,69,Asociacion Nacional Del Café,2017,2017-09-08,Juan Luis Alvarado Romero,Bourbon,Completed,Washed / Wet,Sample,7.58,7.5,7.33,7.75,7.33,7.5,Sample,10.0,10.0,10.0,7.42,Sample  82.42,,0.1,0,1.0,Green,2,,2018-09-08,Asociacion Nacional Del Café,"5a Calle 0-50, Zona 14 Guatemala City, Guatemala 1014",Juan Luis Alvarado Romero - +502 2311.1951,,,2018-05-07
676,82.42,,,,,,Arabica,Juan Luis Alvarado Romero,Guatemala,LAS MERCEDITAS,11/23/0366,BENEFICIO IXCHEL,11/23/0366,"UNEX GUATEMALA, S.A.",1700,SAN MARCOS,ANGEL DE LEON,50.0,69,Asociacion Nacional Del Café,2016,2017-06-01,Juan Luis Alvarado Romero,Bourbon,Completed,Washed / Wet,Sample,7.67,7.58,7.25,7.67,7.42,7.33,Sample,10.0,10.0,10.0,7.5,Sample  82.42,,0.12,0,0.0,Green,0,,2018-06-01,Asociacion Nacional Del Café,"5a Calle 0-50, Zona 14 Guatemala City, Guatemala 1014",Juan Luis Alvarado Romero - +502 2311.1951,,,2018-02-12
677,82.42,,,,,,Arabica,Juan Luis Alvarado Romero,Guatemala,LA ESMERALDA,11/23/0400,BENEFICIO IXCHEL,11/23/0400,"UNEX GUATEMALA, S.A.",518,EL PROGRESO,JESUS RAMIREZ,20.0,69,Asociacion Nacional Del Café,2017,2017-06-01,Juan Luis Alvarado Romero,Bourbon,Completed,Washed / Wet,Sample,7.58,7.5,7.25,7.67,7.5,7.5,Sample,10.0,10.0,10.0,7.42,Sample  82.42,,0.12,0,0.0,Green,0,,2018-06-01,Asociacion Nacional Del Café,"5a Calle 0-50, Zona 14 Guatemala City, Guatemala 1014",Juan Luis Alvarado Romero - +502 2311.1951,,,2017-08-09
678,82.42,,,,,,Arabica,Juan Luis Alvarado Romero,Guatemala,PROVIDENCIA,11/43367/12,BENEFICIO 2000,11/43367/12,Asociación Nacional del Café - Anacafe -,,SANTA ROSA,"PLANTACIONES AGROPECUARIAS, S.A.",275.0,69,Asociacion Nacional Del Café,2017,2017-01-20,Juan Luis Alvarado Romero,Caturra,Completed,Washed / Wet,Sample,7.5,7.42,7.08,7.75,7.67,7.5,Sample,10.0,10.0,10.0,7.5,Sample  82.42,,0.11,0,2.0,Green,3,,2018-01-20,Asociacion Nacional Del Café,"5a Calle 0-50, Zona 14 Guatemala City, Guatemala 1014",Juan Luis Alvarado Romero - +502 2311.1951,,,2017-12-16
705,82.33,,,,,,Arabica,Bismarck Castro,Honduras,Los Hicaques,63,CIGRAH S.A. DE .V.,13-111-022,CIGRAH S.A DE C.V,1396,Comayagua,Reinerio Zepeda,275.0,69,Instituto Hondureño del Café,2017,2017-04-06,Bismarck Castro,Caturra,Completed,Washed / Wet,Sample,7.5,7.58,7.33,7.5,7.42,7.42,Sample,10.0,10.0,10.0,7.58,Sample  82.33,,0.1,0,1.0,Green,8,,2018-04-06,Instituto Hondureño del Café,"Laboratorio de Control de Calidad de Café ( CNCC), 33 Calle, 1-2 Avenida, Sector El Cacao. San Pedro Sula, Cortes",Ramon Reyes - + 504 9693-9042,,,2018-02-06
707,82.33,,,,,,Arabica,Gabriel Barbara,Brazil,,2016/0001,COPAG,02 / 143-0 / 0044,Volcafe Ltda.,,CERRADO,,305.0,59,Brazil Specialty Coffee Association,2016 / 2017,2016-10-13,Gabriel Barbara,,Completed,Natural / Dry,Sample,7.42,7.42,7.42,7.5,7.5,7.58,Sample,10.0,10.0,10.0,7.5,Sample  82.33,,0.11,0,4.0,Green,14,,2017-10-13,Brazil Specialty Coffee Association,"Rua Gaspar Batista Paiva, 416 – Santa Luiza Varginha/MG – Brazil",João Vitor - 55 35 3212-6302 or 3212-4705,,,2017-03-18
734,82.25,,,,,,Arabica,KlemOrganics,Brazil,FAZENDAS KLEM LTDA,KLEM-C04,DRY MILL,002/1566/0003,Klem Organics Coffee,1100,BRAZIL MATAS DE MINAS,NAGIPE VIANA KLEM,1062.0,5,Specialty Coffee Association,,2017-11-15,KlemOrganics,Catuai,Completed,Washed / Wet,Sample,7.58,7.5,7.25,7.42,7.67,7.33,Sample,10.0,10.0,10.0,7.5,Sample  82.25,,0.09,2,6.0,Green,10,,2018-11-15,Specialty Coffee Association,"117 W 4th St, Suite 300 Santa Ana, CA 92701",Chris Buck - (562) 624-4100,,,2017-11-26
736,82.25,,,,,,Arabica,Juan Luis Alvarado Romero,Guatemala,LINDA VISTA,11/973/158,BENEFICIO HUMEDO,11/973/158,"MERCON GUATEMALA, S.A.",1450,NUEVO ORIENTE,PABLO CHUY,275.0,69,Asociacion Nacional Del Café,2016,2016-08-31,Juan Luis Alvarado Romero,Pacas,Completed,Washed / Wet,Sample,7.67,7.5,7.25,7.67,7.42,7.42,Sample,10.0,10.0,10.0,7.33,Sample  82.25,,0.11,0,2.0,Green,2,,2017-08-31,Asociacion Nacional Del Café,"5a Calle 0-50, Zona 14 Guatemala City, Guatemala 1014",Juan Luis Alvarado Romero - +502 2311.1951,,,2017-03-04
757,82.17,,,,,,Arabica,Bismarck Castro,Honduras,Las Cuchillas,118,Dry mill,13-111-054,CIGRAH S.A DE C.V,1500,Comayagua,Nahun Maldonado,200.0,69,Instituto Hondureño del Café,2015,2016-06-09,Bismarck Castro,Caturra,Completed,Washed / Wet,Sample,7.5,7.5,7.17,7.42,7.5,7.5,Sample,10.0,10.0,10.0,7.58,Sample  82.17,,0.11,0,1.0,Bluish-Green,2,,2017-06-09,Instituto Hondureño del Café,"Laboratorio de Control de Calidad de Café ( CNCC), 33 Calle, 1-2 Avenida, Sector El Cacao. San Pedro Sula, Cortes",Ramon Reyes - + 504 9693-9042,,,2017-02-20
778,82.08,,,,,,Arabica,Raúl Vargas,Colombia,,2,San José / Neiva,03-05-0846,SKN CARIBECAFE LTDA,,Huila,,275.0,70,Almacafé,2016,2017-02-20,Raúl Vargas,Caturra,Completed,Washed / Wet,Sample,7.75,7.58,7.42,7.67,7.83,7.58,Sample,9.33,9.33,10.0,7.58,Sample  82.08,,0.0,0,7.0,Green,6,,2018-02-20,Almacafé,"Calle 73 No. 8-13 Piso 2 Torre B Bogota, Colombia",Rodrigo Alarcon - 3136600,,,2017-07-16
794,82,,,,,,Arabica,Bismarck Castro,Honduras,Las Moras,47,CIGRAH S.A DE C.V.,13-111-024,CIGRAH S.A DE C.V,1600,El Paraíso,Santos Fonseca,275.0,69,Instituto Hondureño del Café,2017,2017-06-01,Bismarck Castro,Caturra,Completed,Washed / Wet,Sample,7.5,7.5,7.17,7.5,7.5,7.42,Sample,10.0,10.0,10.0,7.42,Sample  82.00,,0.12,0,0.0,Green,1,,2018-06-01,Instituto Hondureño del Café,"Laboratorio de Control de Calidad de Café ( CNCC), 33 Calle, 1-2 Avenida, Sector El Cacao. San Pedro Sula, Cortes",Ramon Reyes - + 504 9693-9042,,,2018-02-12
816,81.92,,,,,,Arabica,Juan Luis Alvarado Romero,Guatemala,LAS DELICIAS,11/23/0515,BENEFICIO IXCHEL,11/23/0515,"UNEX GUATEMALA, S.A.",4000,SANTA ROSA,OTTO BECKER,50.0,69,Asociacion Nacional Del Café,2017,2017-06-22,Juan Luis Alvarado Romero,Bourbon,Completed,Washed / Wet,Sample,7.5,7.5,7.25,7.42,7.42,7.42,Sample,10.0,10.0,10.0,7.42,Sample  81.92,,0.11,0,2.0,Green,0,,2018-06-22,Asociacion Nacional Del Café,"5a Calle 0-50, Zona 14 Guatemala City, Guatemala 1014",Juan Luis Alvarado Romero - +502 2311.1951,,,2018-05-31
835,81.83,,,,,,Arabica,Gabriel Barbara,Brazil,Helena,2017/001,Copag,02/0143-0/0292,Volcafe Ltda.,973,Monte Carmelo - Cerrado,Helena Pingnatti Ricci,200.0,59,Brazil Specialty Coffee Association,2016,2017-01-20,Gabriel Barbara,Mundo Novo,Completed,Natural / Dry,Sample,7.42,7.5,7.42,7.5,7.42,7.25,Sample,10.0,10.0,10.0,7.33,Sample  81.83,,0.11,0,1.0,Green,3,,2018-01-20,Brazil Specialty Coffee Association,"Rua Gaspar Batista Paiva, 416 – Santa Luiza Varginha/MG – Brazil",João Vitor - 55 35 3212-6302 or 3212-4705,,,2018-01-06
836,81.83,,,,,,Arabica,Aulia Arif Syahri,Indonesia,MUDAR,BALI INTEN DEWATA,PT. OLAM INDONESIA,015/1969/008,PT. Olam Indonesia,1250,BALI,MUDAR,166.0,30,Specialty Coffee Association,2015,2017-01-19,Aulia Arif Syahri,Other,Completed,Other,Sample,7.75,7.83,7.58,7.75,7.92,7.83,Sample,10.0,10.0,10.0,5.17,Sample  81.83,,0.11,0,1.0,Green,0,,2018-01-19,Specialty Coffee Association,"117 W 4th St, Suite 300 Santa Ana, CA 92701",Chris Buck - (562) 624-4100,,,2017-10-11
837,81.83,,,,,,Arabica,Juan Luis Alvarado Romero,Guatemala,CHAPULTEPEC,11/23/0507,BENEFICIO IXCHEL,11/23/0507,"UNEX GUATEMALA, S.A.",3280,NORTE,CHAPULTEPEC,130.0,69,Asociacion Nacional Del Café,2015,2016-08-02,Juan Luis Alvarado Romero,Bourbon,Completed,Washed / Wet,Sample,7.58,7.5,7.33,7.42,7.58,7.25,Sample,10.0,10.0,10.0,7.17,Sample  81.83,,0.1,2,0.0,Green,6,,2017-08-02,Asociacion Nacional Del Café,"5a Calle 0-50, Zona 14 Guatemala City, Guatemala 1014",Juan Luis Alvarado Romero - +502 2311.1951,,,2017-02-20
859,81.75,,,,,,Arabica,Juan Luis Alvarado Romero,Guatemala,LAS MERCEDITAS,11/23/0514,BENEFICIO IXCHEL,11/23/0514,"UNEX GUATEMALA, S.A.",1700,SAN MARCOS,ANGEL DE LEON,50.0,69,Asociacion Nacional Del Café,2017,2017-06-22,Juan Luis Alvarado Romero,Bourbon,Completed,Washed / Wet,Sample,7.5,7.5,7.25,7.42,7.42,7.33,Sample,10.0,10.0,10.0,7.33,Sample  81.75,,0.11,0,1.0,Green,1,,2018-06-22,Asociacion Nacional Del Café,"5a Calle 0-50, Zona 14 Guatemala City, Guatemala 1014",Juan Luis Alvarado Romero - +502 2311.1951,,,2017-12-06
871,81.67,,,,,,Arabica,Juan Luis Alvarado Romero,Guatemala,LAS MERCEDITAS,11/23/0640,BENEFICIO IXCHELL,11/23/0640,"UNEX GUATEMALA, S.A.",1700,SAN MARCOS,ANGEL DE LEON,50.0,69,Asociacion Nacional Del Café,2017,2017-08-22,Juan Luis Alvarado Romero,Bourbon,Completed,Washed / Wet,Sample,7.42,7.42,7.08,7.42,7.33,7.42,Sample,10.0,10.0,10.0,7.58,Sample  81.67,,0.1,0,0.0,Green,1,,2018-08-22,Asociacion Nacional Del Café,"5a Calle 0-50, Zona 14 Guatemala City, Guatemala 1014",Juan Luis Alvarado Romero - +502 2311.1951,,,2018-03-29
872,81.67,,,,,,Arabica,Juan Luis Alvarado Romero,Guatemala,LA ESMERALDA,11/23/0701,BENEFICIO IXCHEL,11/23/0701,"UNEX GUATEMALA, S.A.",4000,SANTA ROSA,JESUS RAMIREZ,80.0,69,Asociacion Nacional Del Café,2017,2017-06-05,Juan Luis Alvarado Romero,Bourbon,Completed,Washed / Wet,Sample,7.42,7.33,7.17,7.67,7.33,7.42,Sample,10.0,10.0,10.0,7.33,Sample  81.67,,0.12,0,1.0,Green,3,,2018-06-05,Asociacion Nacional Del Café,"5a Calle 0-50, Zona 14 Guatemala City, Guatemala 1014",Juan Luis Alvarado Romero - +502 2311.1951,,,2018-05-14
896,81.58,,,,,,Arabica,Juan Luis Alvarado Romero,Guatemala,LA ESPERANZA,11/23/0368,BENEFICIO IXCHEL,11/23/0368,"UNEX GUATEMALA, S.A.",190164,HUEHUETENANGO,"AGRICOLA EL PILAR, SA.",25.0,69,Asociacion Nacional Del Café,2017,2017-06-01,Juan Luis Alvarado Romero,Bourbon,Completed,Washed / Wet,Sample,7.42,7.42,7.08,7.5,7.42,7.33,Sample,10.0,10.0,10.0,7.42,Sample  81.58,,0.12,0,0.0,Green,0,,2018-06-01,Asociacion Nacional Del Café,"5a Calle 0-50, Zona 14 Guatemala City, Guatemala 1014",Juan Luis Alvarado Romero - +502 2311.1951,,,2017-10-19
910,81.5,,,,,,Arabica,Juan Luis Alvarado Romero,Guatemala,LAS DELICIAS,11/23/0688,BENEFICIO IXCHELL,11/23/0688,"UNEX GUATEMALA, S.A.",4000,SANTA ROSA,OTTO BECKER,50.0,69,Asociacion Nacional Del Café,2017,2017-08-23,Juan Luis Alvarado Romero,Bourbon,Completed,Washed / Wet,Sample,7.67,7.58,7.17,7.42,7.33,7.42,Sample,9.33,10.0,10.0,7.58,Sample  81.50,,0.1,0,0.0,Green,0,,2018-08-23,Asociacion Nacional Del Café,"5a Calle 0-50, Zona 14 Guatemala City, Guatemala 1014",Juan Luis Alvarado Romero - +502 2311.1951,,,2017-12-13
911,81.5,,,,,,Arabica,"Exportadora Atlantic, S.A.",Nicaragua,Finca Las Marías,017-053-0211 / 017-053-0212,BENEFICIO ATLANTIC CONDEGA,017-053-0211 / 017-053-0212,Exportadora Atlantic S.A,1100,JALAPA,Teófilo Narváez :,550.0,69,Instituto Hondureño del Café,2017,2017-06-20,"Exportadora Atlantic, S.A.",Caturra,Completed,Other,Sample,7.5,7.42,7.33,7.33,7.25,7.33,Sample,10.0,10.0,10.0,7.33,Sample  81.50,,0.11,0,0.0,Green,3,,2018-06-20,Instituto Hondureño del Café,"Laboratorio de Control de Calidad de Café ( CNCC), 33 Calle, 1-2 Avenida, Sector El Cacao. San Pedro Sula, Cortes",Ramon Reyes - + 504 9693-9042,,,2018-04-13
912,81.5,,,,,,Arabica,Elsy Reyes,Honduras,LAS CUCHILLAS,98,CIGRAH,13-111-083,CIGRAH,1400,COMAYAGUA,NAHUN MALDONADO,275.0,69,Instituto Hondureño del Café,2017,2017-06-03,Elsy Reyes,Caturra,Completed,Washed / Wet,Sample,7.5,7.5,7.33,7.42,7.17,7.25,Sample,10.0,10.0,10.0,7.33,Sample  81.50,,0.1,0,0.0,Green,5,,2018-06-03,Instituto Hondureño del Café,"Laboratorio de Control de Calidad de Café ( CNCC), 33 Calle, 1-2 Avenida, Sector El Cacao. San Pedro Sula, Cortes",Ramon Reyes - + 504 9693-9042,,,2018-04-20
913,81.5,,,,,,Arabica,Juan Luis Alvarado Romero,Guatemala,LAS DELICIAS,11/23/0367,BENEFICIO IXCHEL,11/23/0367,"UNEX GUATEMALA, S.A.",,SANTA ROSA,AGRICOLA MONTE VERDE,50.0,69,Asociacion Nacional Del Café,2017,2017-06-01,Juan Luis Alvarado Romero,Bourbon,Completed,,Sample,7.5,7.42,7.25,7.25,7.5,7.25,Sample,10.0,10.0,10.0,7.33,Sample  81.50,,0.12,0,0.0,Green,0,,2018-06-01,Asociacion Nacional Del Café,"5a Calle 0-50, Zona 14 Guatemala City, Guatemala 1014",Juan Luis Alvarado Romero - +502 2311.1951,,,2018-03-24
938,81.42,,,,,,Arabica,Juan Luis Alvarado Romero,Guatemala,NUEVA GRANADA,11/326/14,BENEFICIO NUEVA GRANADA,11/326/14,"AGRICOLA NUEVA GRANADA, S.A.",4500,SAN MARCOS,"AGRICOLA NUEVA GRANADA, S.A.",450.0,69,Asociacion Nacional Del Café,2016,2016-03-17,Juan Luis Alvarado Romero,Catuai,Completed,Washed / Wet,Sample,7.42,7.33,7.08,7.58,7.33,7.25,Sample,10.0,10.0,10.0,7.42,Sample  81.42,,0.1,0,0.0,Green,0,,2017-03-17,Asociacion Nacional Del Café,"5a Calle 0-50, Zona 14 Guatemala City, Guatemala 1014",Juan Luis Alvarado Romero - +502 2311.1951,,,2017-01-17
953,81.33,,,,,,Arabica,Racafe & Cia S.C.A,Colombia,,3-37-0059,Bachue,3-37-0059,Racafe & Cia S.C.A,,Huila,La Plata,230.0,70,Almacafé,2016,2016-11-08,Racafe & Cia S.C.A,Caturra,Completed,Washed / Wet,Sample,7.5,7.33,7.33,7.17,7.33,7.42,Sample,10.0,10.0,10.0,7.25,Sample  81.33,,0.0,0,0.0,,0,,2017-11-08,Almacafé,"Calle 73 No. 8-13 Piso 2 Torre B Bogota, Colombia",Rodrigo Alarcon - 3136600,,,2017-03-21
977,81.17,,,,,,Arabica,"Exportadora Atlantic, S.A.",Nicaragua,LAS PROMESAS DE SAN BLASS,017-053-0134,BENEFICIO ATLANTIC PLANTA PROCEDORA CONDEGA,017-053-0134,Exportadora Atlantic S.A,1200,"DIPILTO, NUEVA SEGOVIA",GONZALO CASTILLO,275.0,69,Instituto Hondureño del Café,2016,2017-03-08,"Exportadora Atlantic, S.A.",,Completed,Washed / Wet,Sample,7.33,7.5,7.17,7.17,7.58,7.17,Sample,10.0,10.0,10.0,7.25,Sample  81.17,,0.09,0,0.0,Green,7,,2018-03-08,Instituto Hondureño del Café,"Laboratorio de Control de Calidad de Café ( CNCC), 33 Calle, 1-2 Avenida, Sector El Cacao. San Pedro Sula, Cortes",Ramon Reyes - + 504 9693-9042,,,2017-08-27
992,81.08,,,,,,Arabica,KERCHANSHE,Ethiopia,,1,dry mill,010/0475/0522,KERCHANSHE TRADING PLC,0,sidamo,Kerchanshe trading plc,300.0,60,Specialty Coffee Institute of Asia,2016,2017-07-14,KERCHANSHE,,Completed,Natural / Dry,Sample,7.42,7.33,7.17,7.33,7.42,7.17,Sample,10.0,10.0,10.0,7.25,Sample  81.08,,0.11,0,0.0,,1,,2018-07-14,Specialty Coffee Institute of Asia,"3F, 259-1 Ulgiro-3-ga, Joong-gu, Seoul, South Korea, Zip code:100-847","Sung-Yong Steven Kil - 82-10-7912-1456-English, 82-2269-1456-Korean",,,2018-03-17
1004,81,,,,,,Arabica,BOURBON SPECIALTY COFFEES,Brazil,CACHOEIRA DA GRAMA FARM,43104350 - K25247,DRY MILL,002/4542/0044,BOURBON SPECIALTY COFFEES,,GRAMA VALLEY,GABRIEL CARVALHO DIAS,300.0,59,Brazil Specialty Coffee Association,,2018-01-16,BOURBON SPECIALTY COFFEES,Bourbon,Completed,Pulped natural / honey,Sample,7.25,7.25,7.17,7.5,7.33,7.17,Sample,10.0,10.0,10.0,7.33,Sample  81.00,,0.11,0,6.0,Green,9,,2019-01-16,Brazil Specialty Coffee Association,"Rua Gaspar Batista Paiva, 416 – Santa Luiza Varginha/MG – Brazil",João Vitor - 55 35 3212-6302 or 3212-4705,,,2018-05-31
1006,81,,,,,,Arabica,BOURBON SPECIALTY COFFEES,Brazil,CACHOEIRA DA GRAMA FARM,43103820 - K24258 - 030/16,DRY MILL,002/4542/0966,BOURBON SPECIALTY COFFEES,,GRAMA VALLEY,GABRIEL DE CARVALHO DIAS,300.0,59,Brazil Specialty Coffee Association,2016 / 2017,2016-09-09,BOURBON SPECIALTY COFFEES,Yellow Bourbon,Completed,Pulped natural / honey,Sample,7.33,7.17,7.17,7.67,7.33,7.17,Sample,10.0,10.0,10.0,7.17,Sample  81.00,,0.11,0,2.0,Bluish-Green,3,,2017-09-09,Brazil Specialty Coffee Association,"Rua Gaspar Batista Paiva, 416 – Santa Luiza Varginha/MG – Brazil",João Vitor - 55 35 3212-6302 or 3212-4705,,,2017-03-21
1008,81,,,,,,Arabica,Racafe & Cia S.C.A,Colombia,,3-37-4378,Bachue,3-37-4378,Racafe & Cia S.C.A,1600,Guayatá,,43.0,70,Almacafé,2016,2016-07-22,Racafe & Cia S.C.A,Caturra,Completed,Washed / Wet,Sample,7.67,7.5,7.42,5.25,7.67,7.75,Sample,10.0,10.0,10.0,7.75,Sample  81.00,,0.0,0,4.0,Green,4,,2017-07-22,Almacafé,"Calle 73 No. 8-13 Piso 2 Torre B Bogota, Colombia",Rodrigo Alarcon - 3136600,,,2017-07-05
1020,80.92,,,,,,Arabica,Juan Luis Alvarado Romero,Guatemala,LA ESPERANZA,11/23/0689,BENEFICIO IXCHELL,11/23/0689,"UNEX GUATEMALA, S.A.",1901,ORIENTE,"AGRICOLA EL PILAR, S.A.",25.0,69,Asociacion Nacional Del Café,2017,2017-08-23,Juan Luis Alvarado Romero,Bourbon,Completed,Washed / Wet,Sample,7.67,7.67,7.33,7.58,7.67,7.5,Sample,9.33,9.33,9.33,7.5,Sample  80.92,,0.1,0,0.0,Green,2,,2018-08-23,Asociacion Nacional Del Café,"5a Calle 0-50, Zona 14 Guatemala City, Guatemala 1014",Juan Luis Alvarado Romero - +502 2311.1951,,,2018-02-26
1075,80.5,,,,,,Arabica,Juan Luis Alvarado Romero,Guatemala,EL GUAYABO,11/15/0293,EL GUAYABO,11/15/0293,"PETER SCHOELFELD, S.A",1500,SANTA ROSA,EDWIN MUÑOZ,275.0,69,Asociacion Nacional Del Café,2017,2017-09-08,Juan Luis Alvarado Romero,Caturra,Completed,Washed / Wet,Sample,7.33,7.25,7.08,7.17,7.25,7.17,Sample,10.0,10.0,10.0,7.25,Sample  80.50,,0.1,0,0.0,Green,4,,2018-09-08,Asociacion Nacional Del Café,"5a Calle 0-50, Zona 14 Guatemala City, Guatemala 1014",Juan Luis Alvarado Romero - +502 2311.1951,,,2017-11-27
1076,80.5,,,,,,Arabica,Janny Marlith Torres,Honduras,La Bendicion,331,en cortado beneficiado y secado por el productor,13-154-234,Coffee planet Corporation S.A,1650,Ocotepeque,Jorge Alfredo Pinto,15.0,69,Instituto Hondureño del Café,2017,2017-08-23,Janny Marlith Torres,Catuai,Completed,Washed / Wet,Sample,7.58,7.33,7.0,7.17,7.33,7.08,Sample,10.0,10.0,10.0,7.0,Sample  80.50,,0.11,0,0.0,Green,5,,2018-08-23,Instituto Hondureño del Café,"Laboratorio de Control de Calidad de Café ( CNCC), 33 Calle, 1-2 Avenida, Sector El Cacao. San Pedro Sula, Cortes",Ramon Reyes - + 504 9693-9042,,,2018-06-05
1106,80.25,,,,,,Arabica,Volcafe Ltda. - Brasil,Brazil,São Rafael_ RA/RAS Certified,2017-003,Copag - Varginha - MG,002/143-0/0058,Volcafe Ltda.,995,Cerrado - Monte Carmelo - Minas Gerais,Luiz Augusto Pereira Moguilod,440.0,59,Brazil Specialty Coffee Association,2017 / 2018,2017-11-03,Volcafe Ltda. - Brasil,Catuai,Completed,Natural / Dry,Sample,7.17,7.33,7.42,7.08,7.0,7.0,Sample,10.0,10.0,10.0,7.25,Sample  80.25,,0.11,0,1.0,Green,1,,2018-11-03,Brazil Specialty Coffee Association,"Rua Gaspar Batista Paiva, 416 – Santa Luiza Varginha/MG – Brazil",João Vitor - 55 35 3212-6302 or 3212-4705,,,2018-10-22
1126,80.08,,,,,,Arabica,Brayan Cunha Souza,Brazil,,BR5691,CAFECO 3,002/1352/0226,CARMO COFFEES,1100,MANTIQUEIRA DE MINAS,,440.0,60,Brazil Specialty Coffee Association,2017 / 2018,2017-11-29,Brayan Cunha Souza,Bourbon,Completed,Pulped natural / honey,Sample,7.17,7.17,7.0,7.17,7.25,7.25,Sample,10.0,10.0,10.0,7.08,Sample  80.08,,0.11,0,0.0,Green,5,,2018-11-29,Brazil Specialty Coffee Association,"Rua Gaspar Batista Paiva, 416 – Santa Luiza Varginha/MG – Brazil",João Vitor - 55 35 3212-6302 or 3212-4705,,,2018-09-17
1134,80,,,,,,Arabica,"COMERCIAL INTERNACIONAL EXPORTADORA, S.A.",Nicaragua,SANTA MATILDE,605135 / K1730103,BENEFICIO SAN CARLOS. MATAGALPA,017/001/1638,"COMERCIAL INTERNACIONAL EXPORTADORA, S.A.",1250,"JINOTEGA, NICARAGUA",RONALDO LACAYO CARDENAL,275.0,69,Instituto Hondureño del Café,2017,2017-06-13,"COMERCIAL INTERNACIONAL EXPORTADORA, S.A.",Caturra,Completed,Washed / Wet,Sample,7.33,7.08,6.92,7.08,7.42,7.17,Sample,10.0,10.0,10.0,7.0,Sample  80.00,,0.1,0,0.0,Green,5,,2018-06-13,Instituto Hondureño del Café,"Laboratorio de Control de Calidad de Café ( CNCC), 33 Calle, 1-2 Avenida, Sector El Cacao. San Pedro Sula, Cortes",Ramon Reyes - + 504 9693-9042,,,2017-12-16
1169,79.67,,,,,,Arabica,Juan Luis Alvarado Romero,Guatemala,LA ESMERALDA,11/23/0508,BENEFICIO IXCHEL,11/23/0508,"UNEX GUATEMALA, S.A.",4000,ORIENTE,JESUS RAMIREZ,25.0,69,Asociacion Nacional Del Café,2016,2017-06-22,Juan Luis Alvarado Romero,Bourbon,Completed,Washed / Wet,Sample,7.42,7.42,7.25,7.58,7.42,7.33,Sample,9.33,9.33,9.33,7.25,Sample  79.67,,0.1,0,2.0,Green,1,,2018-06-22,Asociacion Nacional Del Café,"5a Calle 0-50, Zona 14 Guatemala City, Guatemala 1014",Juan Luis Alvarado Romero - +502 2311.1951,,,2018-02-26
1170,79.67,,,,,,Arabica,Consejo Salvadoreño del Café,El Salvador,La Montaña,1,Sociedad Cooperativa de Cafetaleros de Ciudad Barrios de R.L.,9,Consejo Salvadoreño del Café,1250,CACAHUATIQUE,Sociedad Cooperativa de Cafetaleros de Ciudad Barrios de R.L.,275.0,69,Salvadoran Coffee Council,2016,2017-03-23,Consejo Salvadoreño del Café,Bourbon,Completed,Washed / Wet,Sample,7.25,7.08,7.0,6.83,7.33,7.17,Sample,10.0,10.0,10.0,7.0,Sample  79.67,,0.0,0,0.0,Bluish-Green,12,,2018-03-23,Salvadoran Coffee Council,"Final 1a. Av. Norte y 13 Calle Pte., dentro de las instalaciones del MAG",Tomas Bonilla - (503) 2505-6600,,,2017-12-07
1218,78.83,,,,,,Arabica,"Exportadora Atlantic, S.A.",Nicaragua,Finca Las Marías,017-053-0211/053-0212,BENEFICIO ATLANTIC CONDEGA,017-053-0211/053-0212,Exportadora Atlantic S.A,1100,JALAPA,Teófilo Narváez,1.0,1,Instituto Hondureño del Café,2016,2017-05-22,"Exportadora Atlantic, S.A.",Caturra,Completed,Other,Sample,7.17,7.0,6.92,7.0,7.0,7.0,Sample,10.0,10.0,10.0,6.75,Sample  78.83,,0.1,0,2.0,Green,4,,2018-05-22,Instituto Hondureño del Café,"Laboratorio de Control de Calidad de Café ( CNCC), 33 Calle, 1-2 Avenida, Sector El Cacao. San Pedro Sula, Cortes",Ramon Reyes - + 504 9693-9042,,,2017-06-27
1274,76.83,,,,,,Arabica,Joshua Marsceau,India,,14/7/2015/172,"Aspinwall & CO. LTD, Mangalore",14/7/2015/172,Olam Japan,,Chickmangalore,Aspinwall & CO. LTD,20.0,50,Specialty Coffee Association,2016,2017-01-16,Joshua Marsceau,,Completed,Natural / Dry,Sample,7.67,7.33,7.17,6.67,7.17,7.42,Sample,9.33,10.0,6.67,7.42,Sample  76.83,,0.0,0,7.0,Green,0,,2018-01-16,Specialty Coffee Association,"117 W 4th St, Suite 300 Santa Ana, CA 92701",Chris Buck - (562) 624-4100,,,2017-07-04
1322,63.08,,,,,,Arabica,"Exportadora Atlantic, S.A.",Nicaragua,Finca Las Marías,017-053-0211/ 017-053-0212,BENEFICIO ATLANTIC CONDEGA,017-053-0211/ 017-053-0212,Exportadora Atlantic S.A,1100,jalapa,Teófilo Narváez,550.0,69,Instituto Hondureño del Café,2016,2017-06-06,"Exportadora Atlantic, S.A.",Caturra,Completed,Other,Sample,7.25,6.58,6.33,6.25,6.42,6.08,Sample,6.0,6.0,6.0,6.17,Sample  63.08,,0.13,1,0.0,Green,5,,2018-06-06,Instituto Hondureño del Café,"Laboratorio de Control de Calidad de Café ( CNCC), 33 Calle, 1-2 Avenida, Sector El Cacao. San Pedro Sula, Cortes",Ramon Reyes - + 504 9693-9042,,,2018-05-24
1327,83.5,,,,,,Robusta,Nishant Gurjer,India,Sethuraman Estate Kaapi Royale,25,Sethuraman Estate,14/1148/2017/21,Kaapi Royale,3170,Chikmagalur Karnataka Indua,Nishant Gurjer Kaapi Royale,320.0,60,Specialty Coffee Association,2017,2017-10-31,Nishant Gurjer,,Completed,Washed / Wet,Sample,8.0,7.75,7.92,8.0,8.0,7.92,Sample,10.0,10.0,7.92,8.0,Sample  83.50,,0.0,0,0.0,,2,,2018-10-31,Specialty Coffee Association,"117 W 4th St, Suite 300 Santa Ana, CA 92701",Chris Buck - (562) 624-4100,,,2018-04-22
1333,82.5,,,,,,Robusta,Nishant Gurjer,India,Sethuraman Estate Kaapi Royale,7,Sethuraman Estate,14/1148/2017/18,Kaapi Royale,3140,Chikmagalur Karnataka India,Nishant Gurjer Kaapi Royale,320.0,60,Specialty Coffee Association,2017,2017-10-25,Nishant Gurjer,,Completed,Washed / Wet,Sample,7.67,7.75,7.83,7.67,7.92,7.92,Sample,10.0,10.0,7.83,7.92,Sample  82.50,,0.1,0,0.0,Bluish-Green,0,,2018-10-25,Specialty Coffee Association,"117 W 4th St, Suite 300 Santa Ana, CA 92701",Chris Buck - (562) 624-4100,,,2018-03-12
1337,81.58,,,,,,Robusta,Nishant Gurjer,India,Sethuraman Estate Kaapi Royale,RC AB,Sethuraman Estate,14/1148/2016/12,Kaapi Royale,1000,Chikmagalur Karnataka,Sethuraman Estate Kaapi Royale,320.0,60,Specialty Coffee Association,2015,2016-08-23,Nishant Gurjer,Other,Completed,Natural / Dry,Sample,7.67,7.83,7.75,7.5,7.75,7.75,Sample,10.0,10.0,7.58,7.75,Sample  81.58,,0.11,0,0.0,Green,0,,2017-08-23,Specialty Coffee Association,"117 W 4th St, Suite 300 Santa Ana, CA 92701",Chris Buck - (562) 624-4100,,,2017-03-02
